목표 제목,주차,행 구분,참여 상태,등록 목표 수,완료 목표 수,판정,한 줄 회고
__초기설정_삭제_week1__,week1,목표,참여,0,0,초기설정,
__초기설정_삭제_week2__,week2,참여현황,휴식,0,0,초기설정,
__초기설정_삭제_week3__,week3,목표,참여,0,0,초기설정,
__초기설정_삭제_week4__,week4,참여현황,휴식,0,0,초기설정,
__초기설정_삭제_week5__,week5,목표,참여,0,0,초기설정,
__초기설정_삭제_week6__,week6,참여현황,휴식,0,0,초기설정,
__초기설정_삭제_week7__,week7,목표,참여,0,0,초기설정,
__초기설정_삭제_week8__,week8,참여현황,휴식,0,0,초기설정,
__초기설정_삭제_week9__,week9,목표,참여,0,0,초기설정,
__초기설정_삭제_week10__,week10,참여현황,휴식,0,0,초기설정,
__초기설정_삭제_week11__,week11,목표,참여,0,0,초기설정,
